[
  {
    "salon_number": 82142,
    "internal_name": "",
    "store_name": "Decatur Rice",
    "concept": "SUPERCUTS",
    "shopping_center": "Decature Rice Center",
    "address": "6150 N DECATUR BLVD #104",
    "city": "NORTH LAS VEGAS",
    "state": "NV",
    "zip": "89031",
    "phone": "702-485-3555",
    "entity": "EE-1",
    "led": "2028-11-30",
    "sales_2024": 242491.85
  },
  {
    "salon_number": 82614,
    "internal_name": "",
    "store_name": "Parkway",
    "concept": "SUPERCUTS",
    "shopping_center": "Unknown",
    "address": "7575 W WASHINGTON BLVD #119",
    "city": "LAS VEGAS",
    "state": "NV",
    "zip": "89128",
    "phone": "702-228-2146",
    "entity": "EE-1",
    "led": "2029-07-31",
    "sales_2024": 167665.15
  },
  {
    "salon_number": 82747,
    "internal_name": "",
    "store_name": "Flamingo",
    "concept": "SUPERCUTS",
    "shopping_center": "Flamingo Buffalo Center",
    "address": "4011 S BUFFALO DR #103B",
    "city": "LAS VEGAS",
    "state": "NV",
    "zip": "89147",
    "phone": "702-871-7676",
    "entity": "EE-1",
    "led": "2028-08-31",
    "sales_2024": 287742.83
  },
  {
    "salon_number": 82924,
    "internal_name": "",
    "store_name": "Vista Commons",
    "concept": "SUPERCUTS",
    "shopping_center": "Vista Commons Shopping Center",
    "address": "11700 W CHARLESTON BLVD #130",
    "city": "LAS VEGAS",
    "state": "NV",
    "zip": "89135",
    "phone": "702-888-1151",
    "entity": "EE-1",
    "led": "2029-03-31",
    "sales_2024": 309073.43
  },
  {
    "salon_number": 82297,
    "internal_name": "LV-14-82297",
    "store_name": "University ",
    "concept": "SUPERCUTS",
    "shopping_center": "LAS VEGAS UNIVERSITY GARDENS",
    "address": "4632 S MARYLAND PKWY STE 3",
    "city": "LAS VEGAS",
    "state": "NV",
    "zip": "89119",
    "phone": "702-736-2917",
    "entity": "LV-14",
    "led": "2023-12-31",
    "sales_2024": 258227.56
  },
  {
    "salon_number": 82298,
    "internal_name": "LV-14-82298",
    "store_name": "Sahara Square",
    "concept": "SUPERCUTS",
    "shopping_center": "SAHARA TOWNE SQUARE",
    "address": "2620 S MARYLAND PKWY STE 15",
    "city": "LAS VEGAS",
    "state": "NV",
    "zip": "89109",
    "phone": "702-732-0040",
    "entity": "LV-14",
    "led": "2026-09-30",
    "sales_2024": 251736.03
  },
  {
    "salon_number": 82301,
    "internal_name": "LV-14-82301",
    "store_name": "Vegas Valley",
    "concept": "SUPERCUTS",
    "shopping_center": "VEGAS VALLEY PLAZA",
    "address": "2775 S NELLIS BLVD STE 4",
    "city": "LAS VEGAS",
    "state": "NV",
    "zip": "89121",
    "phone": "702-431-0831",
    "entity": "LV-14",
    "led": "2029-09-30",
    "sales_2024": 146769.08
  },
  {
    "salon_number": 82302,
    "internal_name": "LV-14-82302",
    "store_name": "Sunrise",
    "concept": "SUPERCUTS",
    "shopping_center": "SUNRISE PLAZA",
    "address": "6895 E LAKE MEAD BLVD STE 4",
    "city": "LAS VEGAS",
    "state": "NV",
    "zip": "89156",
    "phone": "702-453-5079",
    "entity": "LV-14",
    "led": "2025-12-31",
    "sales_2024": 202845.27
  },
  {
    "salon_number": 82303,
    "internal_name": "LV-14-82303",
    "store_name": "Charleston Commons",
    "concept": "SUPERCUTS",
    "shopping_center": "CHARLESTON COMMONS",
    "address": "135 N NELLIS BLVD",
    "city": "LAS VEGAS",
    "state": "NV",
    "zip": "89110",
    "phone": "702-452-6404",
    "entity": "LV-14",
    "led": "2027-12-31",
    "sales_2024": 355041.45
  },
  {
    "salon_number": 82908,
    "internal_name": "LV-14-82908",
    "store_name": "Westland ",
    "concept": "SUPERCUTS",
    "shopping_center": "WESTLAND FAIR",
    "address": "1291 S DECATUR BLVD STE 160",
    "city": "LAS VEGAS",
    "state": "NV",
    "zip": "89102",
    "phone": "702-259-4961",
    "entity": "LV-14",
    "led": "2030-07-01",
    "sales_2024": 344014.18
  },
  {
    "salon_number": 82909,
    "internal_name": "LV-14-82909",
    "store_name": "Hualapai",
    "concept": "SUPERCUTS",
    "shopping_center": "HUALAPAI COMMONS",
    "address": "9811 W CHARLESTON BLVD STE 3",
    "city": "LAS VEGAS",
    "state": "NV",
    "zip": "89117",
    "phone": "702-947-7755",
    "entity": "LV-14",
    "led": "2029-12-31",
    "sales_2024": 383997.95
  },
  {
    "salon_number": 83335,
    "internal_name": "LV-14-83335",
    "store_name": "Siena",
    "concept": "SUPERCUTS",
    "shopping_center": "SIENA TOWN CENTER",
    "address": "10170 W TROPICANA AVE STE 159",
    "city": "LAS VEGAS",
    "state": "NV",
    "zip": "89147",
    "phone": "702-362-6366",
    "entity": "LV-14",
    "led": "2030-03-31",
    "sales_2024": 260911.27
  },
  {
    "salon_number": 83336,
    "internal_name": "LV-14-83336",
    "store_name": "Grand Canyon",
    "concept": "SUPERCUTS",
    "shopping_center": "GRAND CANYON PARKWAY",
    "address": "4205 S GRAND CANYON DR STE 5",
    "city": "LAS VEGAS",
    "state": "NV",
    "zip": "89147",
    "phone": "702-362-4040",
    "entity": "LV-14",
    "led": "2028-11-30",
    "sales_2024": 202224.18
  },
  {
    "salon_number": 83337,
    "internal_name": "LV-14-83337",
    "store_name": "Centennial",
    "concept": "SUPERCUTS",
    "shopping_center": "CENTENNIAL CENTER",
    "address": "7920 W TROPICAL PKWY STE 140",
    "city": "LAS VEGAS",
    "state": "NV",
    "zip": "89149",
    "phone": "702-515-0471",
    "entity": "LV-14",
    "led": "2027-06-30",
    "sales_2024": 280433.97
  },
  {
    "salon_number": 83338,
    "internal_name": "LV-14-83338",
    "store_name": "Rio Vista Plaza",
    "concept": "SUPERCUTS",
    "shopping_center": "RIO VISTA PLAZA",
    "address": "7065 W ANN RD STE 140",
    "city": "LAS VEGAS",
    "state": "NV",
    "zip": "89130",
    "phone": "702-396-4542",
    "entity": "LV-14",
    "led": "2025-09-30",
    "sales_2024": 322391.58
  },
  {
    "salon_number": 83339,
    "internal_name": "LV-14-83339",
    "store_name": "Durango ",
    "concept": "SUPERCUTS",
    "shopping_center": "DURANGO SQUARE",
    "address": "7785 N DURANGO RD STE 145",
    "city": "LAS VEGAS",
    "state": "NV",
    "zip": "89131",
    "phone": "702-395-9716",
    "entity": "LV-14",
    "led": "2028-05-31",
    "sales_2024": 328070.04
  },
  {
    "salon_number": 18828,
    "internal_name": "KR-06-81862",
    "store_name": "SmartStyle (Walmart)",
    "concept": "SMARTSTYLE",
    "shopping_center": "MARKETPLACE AT SOUTH MOUNTAIN",
    "address": "6131 E Southern Ave",
    "city": "PHOENIX",
    "state": "AZ",
    "zip": "85042",
    "phone": "602-268-0558",
    "entity": "PHX-06",
    "led": "2028-06-30",
    "sales_2024": 0
  },
  {
    "salon_number": 81658,
    "internal_name": "KR-06-81658",
    "store_name": "DV",
    "concept": "SUPERCUTS",
    "shopping_center": "DEER VALLEY TOWNE CENTER",
    "address": "2805 W AGUA FRIA FWY STE 2B",
    "city": "PHOENIX",
    "state": "AZ",
    "zip": "85027",
    "phone": "623-434-8400",
    "entity": "PHX-06",
    "led": "2030-12-31",
    "sales_2024": 219321.66
  },
  {
    "salon_number": 82953,
    "internal_name": "KR-06-82953",
    "store_name": "TC",
    "concept": "SUPERCUTS",
    "shopping_center": "TOWN & COUNTRY CENTER",
    "address": "2037 E CAMELBACK RD",
    "city": "PHOENIX",
    "state": "AZ",
    "zip": "85016",
    "phone": "602-955-1760",
    "entity": "PHX-06",
    "led": "2031-01-31",
    "sales_2024": 350461.98
  },
  {
    "salon_number": 82954,
    "internal_name": "KR-06-82954",
    "store_name": "AWF",
    "concept": "SUPERCUTS",
    "shopping_center": "AHWATUKEE FOOTHILLS TOWNE CTR",
    "address": "4722 E RAY RD STE 16",
    "city": "PHOENIX",
    "state": "AZ",
    "zip": "85044",
    "phone": "480-893-3738",
    "entity": "PHX-06",
    "led": "2029-08-31",
    "sales_2024": 280646.64
  },
  {
    "salon_number": 82956,
    "internal_name": "KR-06-82956",
    "store_name": "BTC",
    "concept": "SUPERCUTS",
    "shopping_center": "BELL TOWNE CENTRE",
    "address": "401 E BELL RD STE 20",
    "city": "PHOENIX",
    "state": "AZ",
    "zip": "85022",
    "phone": "602-866-3196",
    "entity": "PHX-06",
    "led": "2029-03-31",
    "sales_2024": 166418.52
  },
  {
    "salon_number": 82958,
    "internal_name": "KR-06-82958",
    "store_name": "NV",
    "concept": "SUPERCUTS",
    "shopping_center": "NORTH VALLEY POWER CENTER",
    "address": "8085 W BELL RD",
    "city": "PEORIA",
    "state": "AZ",
    "zip": "85382",
    "phone": "623-486-2176",
    "entity": "PHX-06",
    "led": "2031-12-31",
    "sales_2024": 180947.89
  },
  {
    "salon_number": 81106,
    "internal_name": "SC-3-81106",
    "store_name": "Marina Village",
    "concept": "SUPERCUTS",
    "shopping_center": "MARINA VILLAGE",
    "address": "5942 E EDINGER AVE STE 105",
    "city": "HUNTINGTON BEACH",
    "state": "CA",
    "zip": "92649",
    "phone": "714-846-3464",
    "entity": "SC-3",
    "led": "2029-04-30",
    "sales_2024": 268470.18
  },
  {
    "salon_number": 82910,
    "internal_name": "SC-3-82910",
    "store_name": "Medowlark Plaza",
    "concept": "SUPERCUTS",
    "shopping_center": "MEADOWLARK PLAZA",
    "address": "5263 WARNER AVE",
    "city": "HUNTINGTON BEACH",
    "state": "CA",
    "zip": "92649",
    "phone": "714-846-3929",
    "entity": "SC-3",
    "led": "2026-01-31",
    "sales_2024": 290130.17
  },
  {
    "salon_number": 82911,
    "internal_name": "SC-3-82911",
    "store_name": "Westminster",
    "concept": "SUPERCUTS",
    "shopping_center": "WESTMINSTER",
    "address": "13521 BEACH BLVD",
    "city": "WESTMINSTER",
    "state": "CA",
    "zip": "92683",
    "phone": "714-893-7427",
    "entity": "SC-3",
    "led": "2025-12-31",
    "sales_2024": 184175.61
  },
  {
    "salon_number": 8030,
    "internal_name": "SC-31-8030",
    "store_name": "Covina 1",
    "concept": "SUPERCUTS",
    "shopping_center": "N AZUSA & SAN BERNARDINO RD",
    "address": "426 N AZUSA AVE",
    "city": "COVINA",
    "state": "CA",
    "zip": "91722",
    "phone": "626-966-7591",
    "entity": "SC-31",
    "led": "2030-06-30",
    "sales_2024": 471249.72
  },
  {
    "salon_number": 8042,
    "internal_name": "SC-31-8042",
    "store_name": "Riverside 1",
    "concept": "SUPERCUTS",
    "shopping_center": "MAGNOLIA PLACE SHOPPING CENTER",
    "address": "10183 MAGNOLIA AVE",
    "city": "RIVERSIDE",
    "state": "CA",
    "zip": "92503",
    "phone": "951-687-5051",
    "entity": "SC-31",
    "led": "2025-12-31",
    "sales_2024": 311461.16
  },
  {
    "salon_number": 8048,
    "internal_name": "SC-31-8048",
    "store_name": "San Bernardino",
    "concept": "SUPERCUTS",
    "shopping_center": "TRI CITY CENTER",
    "address": "525 E HOSPITALITY LN STE B",
    "city": "SAN BERNARDINO",
    "state": "CA",
    "zip": "92408",
    "phone": "909-890-2530",
    "entity": "SC-31",
    "led": "2027-06-30",
    "sales_2024": 238843.91
  },
  {
    "salon_number": 8052,
    "internal_name": "SC-31-8052",
    "store_name": "Santa Monica",
    "concept": "SUPERCUTS",
    "shopping_center": "NEXT TO FROMIN'S",
    "address": "1828 WILSHIRE BLVD",
    "city": "SANTA MONICA",
    "state": "CA",
    "zip": "90403",
    "phone": "310-829-6729",
    "entity": "SC-31",
    "led": "2028-12-31",
    "sales_2024": 616500.03
  },
  {
    "salon_number": 8129,
    "internal_name": "SC-31-8129",
    "store_name": "San Dimas",
    "concept": "SUPERCUTS",
    "shopping_center": "SAN DIMAS ARROW PLAZA",
    "address": "1383 W ARROW HWY",
    "city": "SAN DIMAS",
    "state": "CA",
    "zip": "91773",
    "phone": "909-599-3922",
    "entity": "SC-31",
    "led": "2028-08-31",
    "sales_2024": 541100.76
  },
  {
    "salon_number": 8179,
    "internal_name": "SC-31-8179",
    "store_name": "Claremont",
    "concept": "SUPERCUTS",
    "shopping_center": "FOOTHILL SQUARE",
    "address": "926 W FOOTHILL BLVD",
    "city": "CLAREMONT",
    "state": "CA",
    "zip": "91711",
    "phone": "909-625-6571",
    "entity": "SC-31",
    "led": "2029-04-30",
    "sales_2024": 423120.96
  },
  {
    "salon_number": 8182,
    "internal_name": "SC-31-8182",
    "store_name": "Chino",
    "concept": "SUPERCUTS",
    "shopping_center": "CHINO TOWN CENTER",
    "address": "12203 CENTRAL AVE",
    "city": "CHINO",
    "state": "CA",
    "zip": "91710",
    "phone": "909-591-0881",
    "entity": "SC-31",
    "led": "2027-02-28",
    "sales_2024": 387861.73
  },
  {
    "salon_number": 8348,
    "internal_name": "SC-31-8348",
    "store_name": "Victorville 2",
    "concept": "SUPERCUTS",
    "shopping_center": "DUNIA PLAZA",
    "address": "14329 BEAR VALLEY RD STE 3",
    "city": "VICTORVILLE",
    "state": "CA",
    "zip": "92392",
    "phone": "760-949-5524",
    "entity": "SC-31",
    "led": "2027-05-31",
    "sales_2024": 405921.97
  },
  {
    "salon_number": 8495,
    "internal_name": "SC-31-8495",
    "store_name": "Marina Del Rey",
    "concept": "SUPERCUTS",
    "shopping_center": "VILLA MARINA CENTER",
    "address": "4371 GLENCOE AVE",
    "city": "MARINA DEL REY",
    "state": "CA",
    "zip": "90292",
    "phone": "310-827-0138",
    "entity": "SC-31",
    "led": "2026-02-28",
    "sales_2024": 878259.23
  },
  {
    "salon_number": 8571,
    "internal_name": "SC-31-8571",
    "store_name": "Victorville 1",
    "concept": "SUPERCUTS",
    "shopping_center": "DESERT SKY PLAZA",
    "address": "15667 ROY ROGERS DR STE 109",
    "city": "VICTORVILLE",
    "state": "CA",
    "zip": "92394",
    "phone": "760-241-9090",
    "entity": "SC-31",
    "led": "2029-01-31",
    "sales_2024": 424034.41
  },
  {
    "salon_number": 8768,
    "internal_name": "SC-31-8768",
    "store_name": "Arcadia",
    "concept": "SUPERCUTS",
    "shopping_center": "ARCADIA LANDMARK",
    "address": "411 E HUNTINGTON DR STE 105",
    "city": "ARCADIA",
    "state": "CA",
    "zip": "91006",
    "phone": "626-821-0820",
    "entity": "SC-31",
    "led": "2027-10-31",
    "sales_2024": 385225.6
  },
  {
    "salon_number": 8778,
    "internal_name": "SC-31-8778",
    "store_name": "Riverside 2",
    "concept": "SUPERCUTS",
    "shopping_center": "MAGNOLIA TOWN CENTER",
    "address": "6131 MAGNOLIA AVE",
    "city": "RIVERSIDE",
    "state": "CA",
    "zip": "92506",
    "phone": "951-781-9226",
    "entity": "SC-31",
    "led": "2028-07-31",
    "sales_2024": 363932.08
  },
  {
    "salon_number": 8780,
    "internal_name": "SC-31-8780",
    "store_name": "Hesperia",
    "concept": "SUPERCUTS",
    "shopping_center": "HESPERIA TOWN CENTER",
    "address": "15733 MAIN ST",
    "city": "HESPERIA",
    "state": "CA",
    "zip": "92345",
    "phone": "760-947-4247",
    "entity": "SC-31",
    "led": "2029-05-31",
    "sales_2024": 297158.31
  },
  {
    "salon_number": 8896,
    "internal_name": "SC-31-8896",
    "store_name": "Montclair",
    "concept": "SUPERCUTS",
    "shopping_center": "MONTCLAIR PROMENADE",
    "address": "9051 CENTRAL AVE",
    "city": "MONTCLAIR",
    "state": "CA",
    "zip": "91763",
    "phone": "909-621-6936",
    "entity": "SC-31",
    "led": "2025-02-28",
    "sales_2024": 347039.76
  },
  {
    "salon_number": 8924,
    "internal_name": "SC-31-8924",
    "store_name": "Highland",
    "concept": "SUPERCUTS",
    "shopping_center": "HIGHLAND AVENUE PLAZA",
    "address": "4130 E HIGHLAND",
    "city": "HIGHLAND",
    "state": "CA",
    "zip": "92346",
    "phone": "909-864-5898",
    "entity": "SC-31",
    "led": "2026-04-30",
    "sales_2024": 273429.46
  },
  {
    "salon_number": 80009,
    "internal_name": "SC-31-80009",
    "store_name": "Covina 2",
    "concept": "SUPERCUTS",
    "shopping_center": "BERKLY SQUARE",
    "address": "984 E BADILLO ST STE B",
    "city": "COVINA",
    "state": "CA",
    "zip": "91724",
    "phone": "626-966-3997",
    "entity": "SC-31",
    "led": "2028-04-01",
    "sales_2024": 268639.69
  },
  {
    "salon_number": 80039,
    "internal_name": "SC-31-80039",
    "store_name": "Pasadena",
    "concept": "SUPERCUTS",
    "shopping_center": "ALLEN & WASHINGTON",
    "address": "1842 E WASHINGTON BLVD",
    "city": "PASADENA",
    "state": "CA",
    "zip": "91104",
    "phone": "626-398-0588",
    "entity": "SC-31",
    "led": "2025-03-31",
    "sales_2024": 687928.93
  },
  {
    "salon_number": 80085,
    "internal_name": "SC-31-80085",
    "store_name": "Duarte",
    "concept": "SUPERCUTS",
    "shopping_center": "MOUNTAIN VISTA PLAZA",
    "address": "1010 HUNTINGTON DR",
    "city": "DUARTE",
    "state": "CA",
    "zip": "91010",
    "phone": "626-358-8112",
    "entity": "SC-31",
    "led": "2025-04-30",
    "sales_2024": 386126.11
  },
  {
    "salon_number": 80143,
    "internal_name": "SC-31-80143",
    "store_name": "Rancho 2",
    "concept": "SUPERCUTS",
    "shopping_center": "DAYCREEK VILLAGE",
    "address": "12273 HIGHLAND AVE STE 134",
    "city": "RANCHO CUCAMONGA",
    "state": "CA",
    "zip": "91739",
    "phone": "909-463-2910",
    "entity": "SC-31",
    "led": "2029-04-30",
    "sales_2024": 489008.45
  },
  {
    "salon_number": 80359,
    "internal_name": "SC-31-80359",
    "store_name": "Eastvale",
    "concept": "SUPERCUTS",
    "shopping_center": "CLOVERDALE MARKETPLACE",
    "address": "12672 LIMONITE AVE STE 3B",
    "city": "EASTVALE",
    "state": "CA",
    "zip": "92880",
    "phone": "951-898-0162",
    "entity": "SC-31",
    "led": "2030-04-30",
    "sales_2024": 498805.32
  },
  {
    "salon_number": 80459,
    "internal_name": "SC-31-80459",
    "store_name": "Upland",
    "concept": "SUPERCUTS",
    "shopping_center": "COLONIES AT CROSSROAD",
    "address": "1902 N CAMPUS AVE STE F",
    "city": "UPLAND",
    "state": "CA",
    "zip": "91784",
    "phone": "909-920-6014",
    "entity": "SC-31",
    "led": "2028-06-30",
    "sales_2024": 409241.4
  },
  {
    "salon_number": 80590,
    "internal_name": "SC-31-80590",
    "store_name": "La Verne",
    "concept": "SUPERCUTS",
    "shopping_center": "LA VERNE COMMONS SHOPPING CTR",
    "address": "1612 FOOTHILL BLVD",
    "city": "LA VERNE",
    "state": "CA",
    "zip": "91750",
    "phone": "909-593-5438",
    "entity": "SC-31",
    "led": "2028-08-31",
    "sales_2024": 321597.01
  },
  {
    "salon_number": 80642,
    "internal_name": "SC-31-80642",
    "store_name": "Beaumont",
    "concept": "SUPERCUTS",
    "shopping_center": "MARKETPLACE BEAUMONT",
    "address": "1668 E 2ND ST UNIT D",
    "city": "BEAUMONT",
    "state": "CA",
    "zip": "92223",
    "phone": "951-769-4662",
    "entity": "SC-31",
    "led": "2030-02-28",
    "sales_2024": 307163.07
  },
  {
    "salon_number": 80644,
    "internal_name": "SC-31-80644",
    "store_name": "MV Stoneridge",
    "concept": "SUPERCUTS",
    "shopping_center": "STONERIDGE TOWNE CENTER",
    "address": "27120 EUCALYPTUS BLVD",
    "city": "MORENO VALLEY",
    "state": "CA",
    "zip": "92555",
    "phone": "951-485-2414",
    "entity": "SC-31",
    "led": "2028-03-31",
    "sales_2024": 492819.35
  },
  {
    "salon_number": 80660,
    "internal_name": "SC-31-80660",
    "store_name": "Apple Valley",
    "concept": "SUPERCUTS",
    "shopping_center": "APPLE VALLEY VILLAGE",
    "address": "12218 APPLE VALLEY RD STE 303",
    "city": "APPLE VALLEY",
    "state": "CA",
    "zip": "92308",
    "phone": "760-240-8454",
    "entity": "SC-31",
    "led": "2029-02-28",
    "sales_2024": 571295.33
  },
  {
    "salon_number": 81053,
    "internal_name": "SC-31-81053",
    "store_name": "Corona Crossings",
    "concept": "SUPERCUTS",
    "shopping_center": "CROSSINGS AT CORONA",
    "address": "2690 TUSCANY ST STE D4-104",
    "city": "CORONA",
    "state": "CA",
    "zip": "92881",
    "phone": "951-279-1898",
    "entity": "SC-31",
    "led": "2027-01-31",
    "sales_2024": 283925.97
  },
  {
    "salon_number": 81073,
    "internal_name": "SC-31-81073",
    "store_name": "Chino Hills 2",
    "concept": "SUPERCUTS",
    "shopping_center": "CHINO HILLS MARKETPLACE",
    "address": "4200 CHINO HILLS PKWY STE 845",
    "city": "CHINO HILLS",
    "state": "CA",
    "zip": "91709",
    "phone": "909-597-5013",
    "entity": "SC-31",
    "led": "2027-03-31",
    "sales_2024": 245678.57
  },
  {
    "salon_number": 81119,
    "internal_name": "SC-31-81119",
    "store_name": "Moreno Valley",
    "concept": "SUPERCUTS",
    "shopping_center": "TOWN GATE CROSSING",
    "address": "12510 DAY ST STE A1",
    "city": "MORENO VALLEY",
    "state": "CA",
    "zip": "92553",
    "phone": "951-653-5555",
    "entity": "SC-31",
    "led": "2027-12-31",
    "sales_2024": 283123.11
  },
  {
    "salon_number": 81893,
    "internal_name": "SC-31-81893",
    "store_name": "Corona Vista",
    "concept": "SUPERCUTS",
    "shopping_center": "w",
    "address": "924 E ONTARIO AVE STE 104",
    "city": "CORONA",
    "state": "CA",
    "zip": "92881",
    "phone": "951-268-6452",
    "entity": "SC-31",
    "led": "2030-04-30",
    "sales_2024": 267250.32
  },
  {
    "salon_number": 82436,
    "internal_name": "",
    "store_name": "Menifee",
    "concept": "SUPERCUTS",
    "shopping_center": "COUNTRYSIDE MARKETPLACE",
    "address": "30120 HAUN RD STE 410",
    "city": "MENIFEE",
    "state": "CA",
    "zip": "92584",
    "phone": "951-301-9321",
    "entity": "SD-06",
    "led": "2027-04-30",
    "sales_2024": 411596.06
  },
  {
    "salon_number": 82437,
    "internal_name": "",
    "store_name": "Murrieta",
    "concept": "SUPERCUTS",
    "shopping_center": "CAL OAKS PLAZA",
    "address": "41024 CALIFORNIA OAKS DR # B12",
    "city": "MURRIETA",
    "state": "CA",
    "zip": "92562",
    "phone": "951-677-8977",
    "entity": "SD-06",
    "led": "2028-01-31",
    "sales_2024": 321942.59
  },
  {
    "salon_number": 82438,
    "internal_name": "",
    "store_name": "Temecula",
    "concept": "SUPERCUTS",
    "shopping_center": "TEMECULA PARKWAY",
    "address": "31950 TEMECULA PKWY",
    "city": "TEMECULA",
    "state": "CA",
    "zip": "92592",
    "phone": "951-302-7775",
    "entity": "SD-06",
    "led": "2025-05-31",
    "sales_2024": 396503.74
  },
  {
    "salon_number": 82439,
    "internal_name": "",
    "store_name": "Temecula Rancho",
    "concept": "SUPERCUTS",
    "shopping_center": "RANCHO CALIFORNIA",
    "address": "30590 RANCHO CALIFORNIA RD",
    "city": "TEMECULA",
    "state": "CA",
    "zip": "92591",
    "phone": "951-695-1858",
    "entity": "SD-06",
    "led": "2027-07-31",
    "sales_2024": 267275.8
  }
]